[{
	"source": "https://en.wikipedia.org/wiki/Calyptocephalella_gayi",
	"content": "The female lays eggs in water bodies containing abundant vegetation. Larval life lasts about two years. After hatching, larval survival depends on the presence of vegetation as the existence of movements in the body of water maintain good oxygenation, but the presence of seasonal ponds with some degree of drainage is essential for hatching, as these sites contain fewer predators to the larvae. Then, the transport of larvae from ponds, to larger bodies of water during the rains, or transport of these among several bodies of water facilitates the survival and allows a good development of populations. The larvae prefer cooler areas of the body of water and protective aquatic vegetation, unlike toad larvae that occupy the same sites and have a higher degree of pigmentation that protects them from the solar rays."
},

{
	"source": "https://en.wikipedia.org/wiki/Pangaea",
	"content":"Additional evidence for Pangaea is found in the geology of adjacent continents, including matching geological trends between the eastern coast of South America and the western coast of Africa. The polar ice cap of the Carboniferous Period covered the southern end of Pangaea. Glacial deposits, specifically till, of the same age and structure are found on many separate continents that would have been together in the continent of Pangaea. Paleomagnetic study of apparent polar wandering paths also support the theory of a supercontinent. Geologists can determine the movement of continental plates by examining the orientation of magnetic minerals in rocks; when rocks are formed, they take on the magnetic properties of the Earth and indicate in which direction the poles lie relative to the rock. Since the magnetic poles drift about the rotational pole with a period of only a few thousand years, measurements from numerous lavas spanning several thousand years are averaged to give an apparent mean polar position."
},

{
	"source": "https://en.wikipedia.org/wiki/Artificial_intelligence",
	"content": "In computer science, Artificial intelligence (AI), sometimes called machine intelligence, is intelligence demonstrated by machines, in contrast to the natural intelligence displayed by humans and other animals. Computer science defines AI research as the study of \"intelligent agents\": any device that perceives its environment and takes actions that maximize its chance of successfully achieving its goals. More in detail, Kaplan and Haenlein define AI as a system's ability to correctly interpret external data, to learn from such data, and to use those learnings to achieve specific goals and tasks through flexible adaptation. Colloquially, the term \"artificial intelligence\" is applied when a machine mimics \"cognitive\" functions that humans associate with other human minds, such as \"learning\" and \"problem solving\".The scope of AI is disputed: as machines become increasingly capable, tasks considered as requiring \"intelligence\" are often removed from the definition, a phenomenon known as the AI effect, leading to the quip in Tesler's Theorem, \"AI is whatever hasn't been done yet.\" For instance, optical character recognition is frequently excluded from \"artificial intelligence\", having become a routine technology. Modern machine capabilities generally classified as AI include successfully understanding human speech, competing at the highest level in strategic game systems (such as chess and Go), autonomously operating cars, and intelligent routing in content delivery networks and military simulations."
},

{
	"source": "https://en.wikipedia.org/wiki/Chinese_language",
	"content": "The varieties of Chinese are usually described by native speakers as dialects of a single Chinese language, but linguists note that they are as diverse as a language family. The internal diversity of Chinese has been likened to that of the Romance languages, but may be even more varied. There are between 7 and 13 main regional groups of Chinese (depending on classification scheme), of which the most spoken by far is Mandarin (about 960 million, e.g. Southwestern Mandarin), followed by Wu (80 million, e.g. Shanghainese), Min (70 million, e.g. Southern Min), Yue (60 million, e.g. Cantonese), etc. Most of these groups are mutually unintelligible, and even dialect groups within Min Chinese may not be mutually intelligible. Some, however, like Xiang and certain Southwest Mandarin dialects, may share common terms and a certain degree of intelligibility. All varieties of Chinese are tonal and analytic."
},

{
	"source": "https://en.wikipedia.org/wiki/Ludwig_van_Beethoven",
	"content": "Ludwig van Beethoven was a German composer and pianist. A crucial figure in the transition between the Classical and Romantic eras in Classical music, he remains one of the most recognised and influential of all composers. His best-known compositions include 9 symphonies; 5 piano concertos; 1 violin concerto; 32 piano sonatas; 16 string quartets; a mass, the Missa solemnis; and an opera, Fidelio. Beethoven was born in Bonn, then the capital of the Electorate of Cologne and part of the Holy Roman Empire. He displayed his musical talents at an early age and was taught by his father Johann van Beethoven and composer and conductor Christian Gottlob Neefe. At the age of 21 Beethoven moved to Vienna, where he began studying composition with Joseph Haydn and gained a reputation as a virtuoso pianist. He lived in Vienna until his death. By his late 20s his hearing began to deteriorate and by the last decade of his life he was almost completely deaf. In 1811 he gave up conducting and performing in public but continued to compose; many of his most admired works come from these last 15 years of his life."
},

{
	"source": "https://en.wikipedia.org/wiki/Tetris",
	"content": "Tetriminos are game pieces shaped like tetrominoes, geometric shapes composed of four square blocks each. A random sequence of Tetriminos fall down the playing field (a rectangular vertical shaft, called the \"well\" or \"matrix\"). The objective of the game is to manipulate these Tetriminos, by moving each one sideways and/or rotating by quarter-turns, so that they form a solid horizontal line with no gaps. When such a line is formed, it disappears and any blocks above it fall down to fill the space. When a certain number of lines are cleared, the game enters a new level. As the game progresses, each level causes the Tetriminos to fall faster, and the game ends when the stack of Tetriminos reaches the top of the playing field and no new Tetriminos are able to enter. Some games also end after a finite number of levels or lines. All of the Tetriminos can fill and clear both singles and doubles. I, J, and L are able to clear triples. Only the I Tetrimino has the capacity to clear four lines simultaneously, and this is referred to as a \"tetris\"."
},

{
	"source": "https://en.wikipedia.org/wiki/Octopus",
	"content": "The octopus is a soft-bodied, eight-limbed mollusc of the order Octopoda. Around 300 species are recognised, and the order is grouped within the class Cephalopoda with squids, cuttlefish, and nautiloids. Like other cephalopods, the octopus is bilaterally symmetric with two eyes and a beak, with its mouth at the center point of the eight limbs (traditionally called \"arms\", sometimes mistakenly called \"tentacles\"). The soft body can rapidly alter its shape, enabling octopuses to squeeze through small gaps. They trail their eight appendages behind them as they swim. The siphon is used both for respiration and for locomotion, by expelling a jet of water. Octopuses have a complex nervous system and excellent sight, and are among the most intelligent and behaviourally diverse of all invertebrates. Octopuses inhabit various regions of the ocean, including coral reefs, pelagic waters, and the seabed; some live in the intertidal zone and others at abyssal depths. Most species grow fast, mature early and are short-lived"
},

{
	"source": "https://en.wikipedia.org/wiki/Topology",
	"content": "Geometric topology is a branch of topology that primarily focuses on low-dimensional manifolds (i.e. spaces of dimensions 2,3 and 4) and their interaction with geometry, but it also includes some higher-dimensional topology. Some examples of topics in geometric topology are orientability, handle decompositions, local flatness, crumpling and the planar and higher-dimensional Schönflies theorem. In high-dimensional topology, characteristic classes are a basic invariant, and surgery theory is a key theory. Low-dimensional topology is strongly geometric, as reflected in the uniformization theorem in 2 dimensions - every surface admits a constant curvature metric; geometrically, it has one of 3 possible geometries: positive curvature/spherical, zero curvature/flat, negative curvature/hyperbolic - and the geometrization conjecture (now theorem) in 3 dimensions - every 3-manifold can be cut into pieces, each of which has one of eight possible geometries. 2-dimensional topology can be studied as complex geometry in one variable (Riemann surfaces are complex curves) - by the uniformization theorem every conformal class of metrics is equivalent to a unique complex one, and 4-dimensional topology can be studied from the point of view of complex geometry in two variables (complex surfaces), though not every 4-manifold admits a complex structure."
},

{
	"source": "https://en.wikipedia.org/wiki/Super_Mario_Kart",
	"content": "Super Mario Kart is a kart racing game featuring several single and multiplayer modes. During the game, players take control of one of eight Mario franchise characters and drive karts around tracks with a Mario franchise theme. In order for them to begin driving, Lakitu will appear with a traffic light hanging on his fishing pole, which starts the countdown. When the light turns green, the race or battle officially begins. During a race, the player's viewpoint is from behind his or her kart. The goal of the game is to either finish a race ahead of other racers, who are controlled by the computer and other players, or complete a circuit in the fastest time. There is also a battle mode in which the aim is to attack the karts of the other human players. The game features advanced maneuvers such as power sliding and hopping. Power sliding allows a kart to maintain its speed while turning, although executing the maneuver for too long causes the kart to spin. Hopping helps a kart execute tighter turns: the kart makes a short hop and turns in the air, speeding off in the new direction when it lands. Reviewers praised Super Mario Kart's gameplay, describing the battle mode as \"addictive\" and the single player gameplay as \"incredible\". IGN stated that the gameplay mechanics defined the genre."
},

{
	"source": "https://en.wikipedia.org/wiki/Hummingbird",
	"content": "To serve courtship and territorial competition, many male hummingbirds have plumage with bright, varied coloration resulting both from pigmentation in the feathers and from prism-like cells within the top layers of feathers of the head, gorget, breast, back and wings. When sunlight hits these cells, it is split into wavelengths that reflect to the observer in varying degrees of intensity, with the feather structure acting as a diffraction grating. Iridescent hummingbird colors result from a combination of refraction and pigmentation, since the diffraction structures themselves are made of melanin, a pigment, and may also be colored by carotenoid pigmentation and more subdued black, brown or gray colors dependent on melanin. By merely shifting position, feather regions of a muted-looking bird can instantly become fiery red or vivid green. In courtship displays for one example, males of the colorful Anna's hummingbird orient their bodies and feathers toward the sun to enhance the display value of iridescent plumage toward a female of interest. One study of Anna's hummingbirds found that dietary protein was an influential factor in feather color, as birds receiving more protein grew significantly more colorful crown feathers than those fed a low-protein diet. Additionally, birds on a high-protein diet grew yellower (higher hue) green tail feathers than birds on a low-protein diet."
},

{
	"source": "https://en.wikipedia.org/wiki/Neutron_star",
	"content": "A neutron star is the collapsed core of a giant star which before collapse had a total of between 10 and 29 solar masses. Neutron stars are the smallest and densest stars, not counting hypothetical quark stars and strange stars. Neutron stars have a radius of the order of 10 kilometres (6.2 mi) and a mass lower than a 2.16 solar masses. They result from the supernova explosion of a massive star, combined with gravitational collapse, that compresses the core past white dwarf star density to that of atomic nuclei. Once formed, they no longer actively generate heat, and cool over time; however, they may still evolve further through collision or accretion. Most of the basic models for these objects imply that neutron stars are composed almost entirely of neutrons (subatomic particles with no net electrical charge and with slightly larger mass than protons); the electrons and protons present in normal matter combine to produce neutrons at the conditions in a neutron star. Neutron stars are partially supported against further collapse by neutron degeneracy pressure, a phenomenon described by the Pauli exclusion principle, just as white dwarfs are supported against collapse by electron degeneracy pressure. However neutron degeneracy pressure is not sufficient to hold up an object beyond  and repulsive nuclear forces play a larger role in supporting more massive neutron stars. If the remnant star has a mass exceeding the T.O.V. limit, it continues collapsing to form a black hole."
},

{
	"source": "https://en.wikipedia.org/wiki/Neutron_star",
	"content": "A neutron star is the collapsed core of a giant star which before collapse had a total of between 10 and 29 solar masses. Neutron stars are the smallest and densest stars, not counting hypothetical quark stars and strange stars. Neutron stars have a radius of the order of 10 kilometres (6.2 mi) and a mass lower than a 2.16 solar masses. They result from the supernova explosion of a massive star, combined with gravitational collapse, that compresses the core past white dwarf star density to that of atomic nuclei. Once formed, they no longer actively generate heat, and cool over time; however, they may still evolve further through collision or accretion. Most of the basic models for these objects imply that neutron stars are composed almost entirely of neutrons (subatomic particles with no net electrical charge and with slightly larger mass than protons); the electrons and protons present in normal matter combine to produce neutrons at the conditions in a neutron star. Neutron stars are partially supported against further collapse by neutron degeneracy pressure, a phenomenon described by the Pauli exclusion principle, just as white dwarfs are supported against collapse by electron degeneracy pressure. However neutron degeneracy pressure is not sufficient to hold up an object beyond  and repulsive nuclear forces play a larger role in supporting more massive neutron stars.If the remnant star has a mass exceeding the TOV limit, it continues collapsing to form a black hole."
},

{
	"source": "https://en.wikipedia.org/wiki/Radar",
	"content": "Radar is a detection system that uses radio waves to determine the range, angle, or velocity of objects. It can be used to detect aircraft, ships, spacecraft, guided missiles, motor vehicles, weather formations, and terrain. A radar system consists of a transmitter producing electromagnetic waves in the radio or microwaves domain, a transmitting antenna, a receiving antenna (often the same antenna is used for transmitting and receiving) and a receiver and processor to determine properties of the object(s). Radio waves (pulsed or continuous) from the transmitter reflect off the object and return to the receiver, giving information about the object's location and speed. Radar was developed secretly for military use by several nations in the period before and during World War II. A key development was the cavity magnetron in the UK, which allowed the creation of relatively small systems with sub-meter resolution. The term RADAR was coined in 1940 by the United States Navy as an acronym for RAdio Detection And Ranging or RAdio Direction And Ranging. The term radar has since entered English and other languages as a common noun, losing all capitalization."
},

{
	"source": "https://en.wikipedia.org/wiki/Kerning",
	"content": "In typography, kerning is the process of adjusting the spacing between characters in a proportional font, usually to achieve a visually pleasing result. Kerning adjusts the space between individual letter forms, while tracking (letter-spacing) adjusts spacing uniformly over a range of characters. In a well-kerned font, the two-dimensional blank spaces between each pair of characters all have a visually similar area. In metal typesetting, kerning was labour-intensive and expensive because the matrices had to be physically modified. It was therefore only employed on letter combinations which needed it the most, such as VA or AV. With the arrival of digital fonts, it became much easier to kern many glyph combinations."
},

{
	"source": "https://en.wikipedia.org/wiki/Arctic_Circle",
	"content": "The Arctic Circle is the most northerly of the five major circles of latitude as shown on maps of Earth. It marks the northernmost point at which the centre of the noon sun is just visible on the December solstice and the southernmost point at which the centre of the midnight sun is just visible on the June solstice. The region north of this circle is known as the Arctic, and the zone just to the south is called the Northern Temperate Zone. As seen from the Arctic, the Sun is above the horizon for 24 continuous hours at least once per year (and therefore visible at midnight) and below the horizon for 24 continuous hours at least once per year (and therefore not visible at noon). This is also true in the Antarctic region, south of the equivalent Antarctic Circle. Only four million people live north of the Arctic Circle due to the severe climate; nonetheless, some areas have been settled for thousands of years by indigenous peoples, who today make up 10% of the region's population. Tens of thousands of years ago, waves of people migrated from eastern Siberia across the Bering Strait into North America to settle."
},

{
	"source": "https://en.wikipedia.org/wiki/Dominoes",
	"content": "Dominoes is a family of tile-based games played with rectangular \"domino\" tiles. Each domino is a rectangular tile with a line dividing its face into two square ends. Each end is marked with a number of spots (also called pips, nips, or dobs) or is blank. The backs of the dominoes in a set are indistinguishable, either blank or having some common design. The domino gaming pieces make up a domino set, sometimes called a deck or pack. The traditional Sino-European domino set consists of 28 dominoes, featuring all combinations of spot counts between zero and six. A domino set is a generic gaming device, similar to playing cards or dice, in that a variety of games can be played with a set. The earliest mention of dominoes is from Song dynasty China found in the text Former Events in Wulin by Zhou Mi (1232-1298). Modern dominoes first appeared in Italy during the 18th century, but how Chinese dominoes developed into the modern game is unknown. Italian missionaries in China may have brought the game to Europe. The name \"domino\" is most likely from the resemblance to a kind of carnival costume worn during the Venetian Carnival, often consisting of a black-hooded robe and a white mask. Despite the coinage of the word polyomino as a generalization, there is no connection between the word \"domino\" and the number 2 in any language."
},

{
	"source": "https://en.wikipedia.org/wiki/Transistor",
	"content": "A transistor is a semiconductor device used to amplify or switch electronic signals and electrical power. It is composed of semiconductor material usually with at least three terminals for connection to an external circuit. A voltage or current applied to one pair of the transistor's terminals controls the current through another pair of terminals. Because the controlled (output) power can be higher than the controlling (input) power, a transistor can amplify a signal. Today, some transistors are packaged individually, but many more are found embedded in integrated circuits. The transistor is the fundamental building block of modern electronic devices, and is ubiquitous in modern electronic systems. Julius Edgar Lilienfeld patented a field-effect transistor in 1926 but it was not possible to actually construct a working device at that time. The first practically implemented device was a point-contact transistor invented in 1947 by American physicists John Bardeen, Walter Brattain, and William Shockley. The transistor revolutionized the field of electronics, and paved the way for smaller and cheaper radios, calculators, and computers, among other things. The transistor is on the list of IEEE milestones in electronics, and Bardeen, Brattain, and Shockley shared the 1956 Nobel Prize in Physics for their achievement."
},

{
	"source": "https://en.wikipedia.org/wiki/Cargo_pants",
	"content": "Cargo pants or cargo trousers, also sometimes called combat trousers (or combat pants) after their original military purpose, are loosely cut pants originally designed for tough, outdoor activities, and whose design is distinguished by one or more cargo pockets. Cargo pants have become popular in urban areas as well, since they are convenient for carrying items during day trips on foot. A cargo pocket is a form of a patch pocket, often with accordion folds for increased capacity closed with a flap secured by snap, button, magnet, or Velcro common on battledress and hunting clothing. In some designs, cargo pockets may be hidden within the legs. Cargo pants are made of hard wearing fabric and ruggedly stitched. Increasingly they are made of quick-drying synthetic or cotton-synthetic blends, and often feature oversized belt loops to accommodate wide webbing belts. The garments are characteristically designed to allow bending at the knee and hip, and are sewn with felled seams for strength and durability."
},

{
	"source": "https://en.wikipedia.org/wiki/Aluminum_can",
	"content": "An aluminum can (British English: aluminium can), sometimes erroneously referred to as a \"tin can\", is a container for packaging made primarily of aluminum. It is commonly used for foods and beverages such as milk and soup but also for products such as oil, chemicals, and other liquids. Global production is 180 billion annually and constitutes the biggest single use of aluminum globally. Use of aluminum in cans began in 1957. Aluminum offers greater malleability, resulting in ease of manufacture; this gave rise to the two-piece can, where all but the top of the can is simply stamped out of a single piece of aluminum, rather than laboriously constructed from two pieces of steel. A label is either printed directly on the side of the can or will be glued to the outside of the curved surface, indicating its contents."
},


{
	"source": "https://en.wikipedia.org/wiki/Ice_cream",
	"content": "Ice cream (derived from earlier iced cream or cream ice) is a sweetened frozen food typically eaten as a snack or dessert. It is usually made from dairy products, such as milk and cream, and often combined with fruits or other ingredients and flavors. It is typically sweetened with sugar or sugar substitutes. Typically, flavourings and colourings are added in addition to stabilizers. The mixture is stirred to incorporate air spaces and cooled below the freezing point of water to prevent detectable ice crystals from forming. The result is a smooth, semi-solid foam that is solid at very low temperatures. It becomes more malleable as its temperature increases. The meaning of the phrase \"ice cream\" varies from one country to another. Phrases such as \"frozen custard\", \"frozen yogurt\", \"sorbet\", \"gelato\", and others are used to distinguish different varieties and styles. In some countries, such as the United States, the phrase \"ice cream\" applies only to a specific variety, and most governments regulate the commercial use of the various terms according to the relative quantities of the main ingredients, notably the amount of cream. Products that do not meet the criteria to be called ice cream are labelled \"frozen dairy dessert\" instead. In other countries, such as Italy and Argentina, one word is used for all variants. Analogues made from dairy alternatives, such as goat's or sheep's milk, or milk substitutes (e.g., soy milk or tofu), are available for those who are lactose intolerant, allergic to dairy protein, or vegan."
}]

